run,time_ms,rows
1,790.0693910196424,1
2,769.4383868947625,1
3,793.1157578714192,1
4,753.4324899315834,1
5,786.3167538307607,1
