run,time_ms,rows
1,5.46270189806819,1
2,5.261200945824385,1
3,5.2503300830721855,1
4,5.142385605722666,1
5,6.132975686341524,1
