run,time_ms,rows
1,1958.7601022794843,9691
2,2023.4129512682557,9691
3,1971.9559480436146,9691
4,2025.0341277569532,9691
5,2049.5541081763804,9691
