run,time_ms,rows
1,9.884878061711788,100
2,8.696805220097303,100
3,18.233378883451223,100
4,20.039513241499662,100
5,15.535784885287285,100
