run,rows,elapsed_ms
1,90000,196.38384087011218
2,90000,269.79115698486567
3,90000,304.3975681066513
4,90000,400.56959306821227
5,90000,401.33563289418817
