run,rows,elapsed_ms
1,1,27.906084898859262
2,1,10.213761124759912
3,1,11.720725800842047
4,1,8.40534083545208
5,1,7.701311726123095
