run,rows,elapsed_ms
1,11,3.278035670518875
2,11,0.8973437361419201
3,11,0.9666238911449909
4,11,0.8977539837360382
5,11,0.8071078918874264
