run,rows,elapsed_ms
1,4,1.3501816429197788
2,4,0.5814209580421448
3,4,0.7943999953567982
4,4,0.4955087788403034
5,4,0.6913123652338982
