run,rows,elapsed_ms
1,4394,211.93377627059817
2,4394,177.12427303195
3,4394,76.94145804271102
4,4394,148.15311133861542
5,4394,106.93957610055804
