run,rows,elapsed_ms
1,8998,34.34187779203057
2,8998,34.77593697607517
3,8998,34.94876204058528
4,8998,34.55612901598215
5,8998,34.78469327092171
