task,avg_ms
T-R1_denorm_scan,13.092988170683384
T-R2_single_order,0.2482432872056961
T-R3_join_revenue,13.077482488006353
T-R4_index_filter,0.5247981287539005
