run,rows,elapsed_ms
1,3000,16.040749847888947
2,3000,14.594012405723333
3,3000,14.009960927069187
4,3000,7.022659759968519
5,3000,13.797557912766933
