run,rows,elapsed_ms
1,1,0.44824788346886635
2,1,0.2995431423187256
3,1,0.1468532718718052
4,1,0.22642593830823898
5,1,0.12014620006084442
