run,rows,elapsed_ms
1,1000,11.339876800775528
2,1000,10.799991898238659
3,1000,17.179105896502733
4,1000,8.76706000417471
5,1000,17.301377840340137
