run,rows,elapsed_ms
1,9,1.580050215125084
2,9,0.3610542044043541
3,9,0.1719929277896881
4,9,0.3461460582911968
5,9,0.1647472381591797
