run,time_ms,rows
1,90.08126985281706,1
2,59.49358269572258,1
3,83.85051740333438,1
4,85.28359513729811,1
5,82.5986061245203,1
