run,time_ms,rows
1,5.676735658198595,1
2,5.016631912440062,1
3,5.691245198249817,1
4,6.883491761982441,1
5,5.144413094967604,1
