run,time_ms,rows
1,225.58660991489887,9691
2,220.55803472176194,9691
3,230.41070206090808,9691
4,224.9046480283141,9691
5,223.6243081279099,9691
