run,time_ms,rows
1,13.73185496777296,100
2,10.759159922599792,100
3,17.509998753666878,100
4,19.06720781698823,100
5,23.34018424153328,100
