run,time_ms,rows
1,2371.527614071965,1
2,2325.6490188650787,1
3,2321.1156483739614,1
4,2194.881893694401,1
5,2181.8518438376486,1
