run,time_ms,rows
1,6.5765297040343285,1
2,5.782437976449728,1
3,5.947648081928492,1
4,5.650322884321213,1
5,5.689805839210749,1
