run,time_ms,rows
1,6021.571688354015,9691
2,6152.38033188507,9691
3,5966.411216184497,9691
4,5991.736437194049,9691
5,5978.453408926725,9691
