run,time_ms,rows
1,8.149499073624611,100
2,7.972222287207842,100
3,10.36666240543127,100
4,14.740358106791973,100
5,13.426152989268303,100
