task,avg_ms
T-R1_denorm_scan,120.83245245739818
T-R2_single_order,0.4558068700134754
T-R3_join_revenue,140.3149844147265
T-R4_index_filter,0.3654531203210354
