run,rows,elapsed_ms
1,30000,139.76830104365945
2,30000,62.578223180025816
3,30000,135.61890507116914
4,30000,132.60734267532825
5,30000,133.58949031680822
