run,rows,elapsed_ms
1,1,0.6283102557063103
2,1,0.46080397441983223
3,1,0.4252856597304344
4,1,0.40519004687666893
5,1,0.35944441333413124
