run,rows,elapsed_ms
1,9998,108.67465613409877
2,9998,149.41402524709702
3,9998,148.70718587189913
4,9998,146.92096412181854
5,9998,147.85809069871902
