run,rows,elapsed_ms
1,7,0.5012243054807186
2,7,0.3635999746620655
3,7,0.3134920261800289
4,7,0.3053369000554085
5,7,0.3436123952269554
