run,time_ms,rows
1,7942.482468672097,1
2,7704.4028346426785,1
3,7656.617813743651,1
4,7660.384111106396,1
5,7648.116381838918,1
