run,time_ms,rows
1,5.656059831380844,1
2,4.912821110337973,1
3,6.027672905474901,1
4,4.961877595633268,1
5,5.425742827355862,1
