run,time_ms,rows
1,20123.032168019563,9691
2,20126.23461568728,9691
3,19900.390023831278,9691
4,20388.19096935913,9691
5,19873.763671144843,9691
