run,time_ms,rows
1,9.436576161533594,100
2,8.737897034734488,100
3,10.432760696858168,100
4,10.060547851026058,100
5,12.12729187682271,100
