run,time_ms,rows
1,1235.7299519935623,1
2,695.7371640019119,1
3,1045.2435149927624,1
4,821.1631560116075,1
5,800.3870449610986,1
