run,time_ms,rows
1,1.7671880195848644,1
2,1.5780359972268343,1
3,1.5549510135315359,1
4,1.4859620132483542,1
5,1.486765977460891,1
