run,time_ms,rows
1,77506.57555501675,9691
2,77303.52455604589,9691
3,78346.84209502302,9691
4,77757.26676901104,9691
5,80839.55575502478,9691
