run,time_ms,rows
1,22.514744952786714,1117
2,11.154495005030185,1117
3,8.330284035764635,1117
4,8.229713013861328,1117
5,8.517711015883833,1117
