task,avg_ms
T-R1_denorm_scan,1345.346911996603
T-R2_single_order,1.056450977921486
T-R3_join_revenue,1712.8772150725126
T-R4_index_filter,0.8151734247803688
