run,rows,elapsed_ms
1,30000,71.61437813192606
2,30000,63.333303201943636
3,30000,65.41326362639666
4,30000,130.0966809503734
5,30000,134.90338902920485
