run,rows,elapsed_ms
1,1,12.365846894681454
2,1,2.9986300505697727
3,1,1.6852859407663345
4,1,2.9830108396708965
5,1,1.6263853758573532
