run,rows,elapsed_ms
1,6,3.7719793617725372
2,6,0.503001268953085
3,6,0.8282060734927654
4,6,0.43461285531520844
5,6,0.7480769418179989
