run,rows,elapsed_ms
1,2,0.6072670221328735
2,2,0.4437691532075405
3,2,0.24897092953324318
4,2,0.4622689448297024
5,2,0.23204879835247993
