run,rows,elapsed_ms
1,1525,82.5611287727952
2,1525,20.299465861171484
3,1525,33.1218377687037
4,1525,20.010474137961864
5,1525,33.623183611780405
