run,rows,elapsed_ms
1,3000,6.342602893710136
2,3000,13.848314993083477
3,3000,6.351965945214033
4,3000,13.814998790621758
5,3000,6.27459492534399
