run,rows,elapsed_ms
1,3000,14.145870693027973
2,3000,14.110161922872066
3,3000,14.108460862189531
4,3000,14.22883803024888
5,3000,13.379052747040987
