run,rows,elapsed_ms
1,1,0.43044984340667725
2,1,0.3772396594285965
3,1,0.3810059279203415
4,1,0.36699604243040085
5,1,0.36458810791373253
