run,rows,elapsed_ms
1,10,0.39342883974313736
2,10,0.3224979154765606
3,10,0.35589467734098434
4,10,0.3148438408970833
5,10,0.31638890504837036
