run,rows,elapsed_ms
1,4,0.747893936932087
2,4,0.2956320531666279
3,4,0.32082293182611465
4,4,0.2757781185209751
5,4,0.26685930788517
