run,rows,elapsed_ms
1,322,5.700049921870232
2,322,3.5677417181432247
3,322,2.0317677408456802
4,322,2.0370380952954292
5,322,2.2219140082597733
