run,rows,elapsed_ms
1,300,1.1884463019669056
2,300,1.4032768085598946
3,300,1.6698739491403103
4,300,4.286142997443676
5,300,1.669956836849451
