run,rows,elapsed_ms
1,300000,1375.0253841280937
2,300000,1349.1553021594882
3,300000,1322.343550156802
4,300000,1335.796769708395
5,300000,1344.4135538302362
