run,rows,elapsed_ms
1,1,1.3306126929819584
2,1,1.1513791978359222
3,1,0.9639370255172253
4,1,0.9256359189748764
5,1,0.9106900542974472
