run,rows,elapsed_ms
1,99982,1892.566157039255
2,99982,1789.6150648593903
3,99982,1513.0861108191311
4,99982,1718.6120967380702
5,99982,1650.5066459067166
