run,rows,elapsed_ms
1,11,1.1118832044303417
2,11,0.8034268394112587
3,11,0.5563818849623203
4,11,0.7678130641579628
5,11,0.8363621309399605
