task,avg_ms
T-R1_denorm_scan,403.8350312039256
T-R2_single_order,0.7353253662586212
T-R3_join_revenue,493.2547777891159
T-R4_index_filter,0.4763340577483177
