run,rows,elapsed_ms
1,90000,419.0032109618187
2,90000,401.73849696293473
3,90000,401.3836891390383
4,90000,395.65914077684283
5,90000,401.39061817899346
