run,rows,elapsed_ms
1,1,1.0148780420422554
2,1,0.6810249760746956
3,1,0.6394898518919945
4,1,0.6724046543240547
5,1,0.6688293069601059
