run,rows,elapsed_ms
1,29995,610.2441190741956
2,29995,473.99220475926995
3,29995,459.4814330339432
4,29995,462.068242020905
5,29995,460.48789005726576
