run,rows,elapsed_ms
1,11,0.6880029104650021
2,11,0.4523922689259052
3,11,0.4393230192363262
4,11,0.40323706343770027
5,11,0.3987150266766548
