run,time_ms,rows
1,250.6156360032037,1
2,216.29822498653084,1
3,219.95515702292323,1
4,215.726978960447,1
5,219.68971798196435,1
