run,time_ms,rows
1,16.58323995070532,1
2,2.211356011684984,1
3,1.689292024821043,1
4,1.468166010454297,1
5,1.5107040526345372,1
