run,time_ms,rows
1,21718.4986990178,9691
2,20128.684506053105,9691
3,20204.464122012723,9691
4,20015.340401034337,9691
5,20323.765093984548,9691
