run,time_ms,rows
1,11.529462994076312,387
2,3.544058999978006,387
3,3.059671027585864,387
4,3.0329430010169744,387
5,3.13473999267444,387
