run,time_ms,rows
1,17626.701071392745,14225700
2,14736.45766498521,14225700
3,15464.32110806927,14225700
4,15923.691946081817,14225700
5,15826.227484736592,14225700
