run,time_ms,rows
1,3903.2270098105073,1
2,3896.306390874088,1
3,3932.9950716346502,1
4,3906.3522620126605,1
5,4007.1701197884977,1
