run,time_ms,rows
1,8508.91460897401,4900
2,8083.060704171658,4900
3,8213.976137340069,4900
4,8539.470627903938,4900
5,8378.46188666299,4900
