run,time_ms,rows
1,3267.4557962454855,0
2,3358.483426272869,0
3,3391.281553078443,0
4,3236.4114089868963,0
5,3258.497526869178,0
