run,time_ms,rows
1,23441.49552984163,14225700
2,22039.109476841986,14225700
3,22000.695677939802,14225700
4,22404.63296510279,14225700
5,22902.472785674036,14225700
