run,rows,elapsed_ms
1,300000,1365.0568732991815
2,300000,1325.5638177506626
3,300000,1336.6473647765815
4,300000,1342.5806872546673
5,300000,1350.8779439143836
