run,rows,elapsed_ms
1,1,27.804673183709383
2,1,27.651050128042698
3,1,25.789053179323673
4,1,25.91882413253188
5,1,25.86821373552084
