run,rows,elapsed_ms
1,5,0.9307651780545712
2,5,0.7633669301867485
3,5,0.7082964293658733
4,5,0.7050917483866215
5,5,0.6472761742770672
