run,rows,elapsed_ms
1,4,1.2095668353140354
2,4,1.0535940527915955
3,4,1.0379538871347904
4,4,1.04838190600276
5,4,1.06829684227705
