run,rows,elapsed_ms
1,14964,874.3636151775718
2,14964,918.35862910375
3,14964,905.3480657748878
4,14964,910.2133088745177
5,14964,887.6024601049721
