run,rows,elapsed_ms
1,29998,111.19322385638952
2,29998,108.18561492487788
3,29998,111.6976928897202
4,29998,109.21575780957937
5,29998,110.02368060871959
