run,time_ms,rows
1,24.881860008463264,1
2,21.892915945500135,1
3,13.961446995381266,1
4,22.01328903902322,1
5,22.6509390049614,1
