run,time_ms,rows
1,3.3952610101550817,1
2,1.049065962433815,1
3,0.9281249949708581,1
4,0.7097480120137334,1
5,0.6181510398164392,1
