run,time_ms,rows
1,505.0405159709044,9691
2,227.19503002008423,9691
3,331.86022500740364,9691
4,276.95991296786815,9691
5,319.5719219511375,9691
