run,time_ms,rows
1,5.281835969071835,32
2,0.5998240085318685,32
3,0.5659510497935116,32
4,0.5156060215085745,32
5,0.5070100305601954,32
