run,time_ms,rows
1,3014.0179300215095,1
2,2667.136000993196,1
3,2592.217661032919,1
4,2464.0286990324967,1
5,2429.877149988897,1
