run,time_ms,rows
1,1.9672850030474365,1
2,0.9655330213718116,1
3,1.5470939688384533,1
4,0.9153510327450931,1
5,1.5336360083892941,1
