run,time_ms,rows
1,281603.2057260163,9691
2,276814.19610598823,9691
3,275624.39932400594,9691
4,278132.6575339772,9691
5,281001.1719170143,9691
