run,time_ms,rows
1,73.06158100254834,3743
2,73.55617801658809,3743
3,71.92018197383732,3743
4,76.93532900884748,3743
5,77.20149698434398,3743
